acton,Jan-01 2011
amherst,Jan-01 2012
andover,Jan-01 2011
arlington,Jul-01 2011
ashfield,Jul-01 2012
ashland,Jan-01 2013
athol,Jan-01 2011
auburn,Jan-01 2013
ayer,Jan-01 2012
barre,Jan-01 2012
becket,Jan-01 2011
bedford,Jan-01 2012
belchertown,Jan-01 2011
belmont,Jan-01 2012
berlin,Jan-01 2012
beverly,Jan-01 2012
boston,Jul-01 2011
bridgewater,Jul-01 2012
brookline,Jan-01 2011
buckland,Jan-01 2012
cambridge,Jul-01 2010
carlisle,Jan-01 2011
chelmsford,Jan-01 2011
chesterfield,Jan-01 2012
concord,Jan-01 2011
conway,Jul-01 2012
dedham,Jan-01 2011
deerfield,Jan-01 2012
dudley,Jul-01 2012
easthampton,Jan-01 2011
easton,Jan-01 2011
gardner,Jul-01 2011
gill,Jan-01 2011
gloucester,Jul-01 2011
granby,Jan-01 2012
great barrington,Jan-01 2012
greenfield,Jan-01 2011
hamilton,Jan-01 2011
hanover,Jan-01 2011
hanson,Jul-01 2011
harvard,Jan-01 2012
hatfield,Jan-01 2011
holland,Jan-01 2012
holyoke,Jan-01 2011
hopkinton,Jan-01 2011
huntington,Jan-01 2013
kingston,Jan-01 2011
lakeville,Jan-01 2012
lancaster,Jan-01 2011
lenox,Jan-01 2011
leominster,Jan-01 2013
leverett,Jan-01 2011
lexington,Jan-01 2011
lincoln,Jan-01 2011
lowell,Jan-01 2011
marlborough,Jan-01 2012
mashpee,Jan-01 2011
maynard,Jul-01 2012
medford,Jan-01 2011
medway,Jul-01 2011
melrose,Jan-01 2011
mendon,Jan-01 2012
middlefield,Jan-01 2012
millbury,Jan-01 2012
millville,Jan-01 2013
milton,Jul-01 2011
monson,Jan-01 2012
montague,Jan-01 2011
natick,Jan-01 2011
new salem,Jul-01 2011
newburyport,Jul-01 2011
newton,Jul-01 2010
north adams,Jul-01 2011
northampton,Jan-01 2011
northfield,Jul-01 2013
palmer,Jan-01 2011
pelham,Jan-01 2013
pembroke,Jul-01 2011
petersham,Jan-01 2013
pittsfield,Jul-01 2011
plympton,Jan-01 2013
provincetown,Jul-01 2012
quincy,Jul-01 2011
revere,Jan-01 2012
richmond,Jan-01 2013
rockland,Jan-01 2013
rowe,Jul-01 2011
salem,Jan-01 2011
scituate,Jul-01 2011
sherborn,Jan-01 2012
shirley,Jul-01 2012
shutesbury,Jul-01 2011
somerville,Jan-01 2012
springfield,Jan-01 2011
stockbridge,Jan-01 2012
sudbury,Jan-01 2011
sunderland,Jan-01 2013
sutton,Jan-01 2012
swampscott,Jan-01 2011
tewksbury,Jan-01 2012
tisbury,Jan-01 2012
topsfield,Jan-01 2012
townsend,Jul-01 2012
truro,Jan-01 2012
tyngsborough,Jan-01 2011
waltham,Jul-01 2012
watertown,Jul-01 2011
wayland,Jul-01 2011
wellesley,Jan-01 2012
wendell,Jan-01 2014
wenham,Jan-01 2011
west tisbury,Jan-01 2013
westminster,Jul-01 2012
weston,Jan-01 2012
westwood,Jan-01 2013
whately,Jan-01 2013
williamsburg,Jan-01 2012
williamstown,Jan-01 2011
winchester,Jul-01 2011
winthrop,Jan-01 2013
woburn,Jan-01 2012
worcester,Jul-01 2011
