abbott village,andover
aberdeen,boston
abottville,north reading
academy hill,boston
academy hill,westminster
acapesket,falmouth
accord,norwell
acoaxet,westport
acre,clinton
acushnet station,new bedford
adams shore,quincy
adamsville,milton
agamenticus heights,gloucester
agassiz,cambridge
agawam,wareham
agawam center,agawam
akins corner,westport
albee corners,charlton
albeeville,mendon
aldenville,chicopee
aldrich,wilmington
aldrich district,uxbridge
aldrichville,millbury
algerie,otis
allendale,pittsfield
allen's corner,amesbury
allen's corner,walpole
allenville green,woburn
allston,boston
allston heights,boston
almont,tewksbury
alpine place,franklin
amesbury ferry,amesbury
amherst fields,amherst
amherst woods,amherst
ammidown,southbridge
amostown,west springfield
anawan,rehoboth
andover north parish,andover
andover south parish,andover
andover village,andover
andover west parish,andover
andrew square,boston
angier's corner,newton
annasnappet,carver
annisquam,gloucester
annisquam willows,gloucester
antassawomock,mattapoisett
appletons,ipswich
argilla,ipswich
arlington district,lawrence
arlington district,methuen
arlington heights,arlington
armory,springfield
amory hill,springfield
armory village,millbury
arnoldsville renfrew,adams
arrowhead,pittsfield
arsenal,watertown
asbury grove,hamilton
ashby center,ashby
ashcroft,dedham
ashdod,duxbury
ashley falls,sheffield
ashleyville,west springfield
ashmont,boston
ashumet pond,falmouth
aspinwall hill,brookline
assabet park,maynard
assonet neck,berkley
astor,boston
atherton,tewksbury
athol junction,springfield
atlantic,quincy
atlantic,salem
attitash,amesbury
auburn center,auburn
auburn station,auburn
auburndale,newton
auburnville,whitman
aucoote,mattapoisett
avon hill,cambridge
ayers city,lowell
ayers village,haverhill
babbatasset,pepperell
babson park,wellesley
bachellor's plain,lynn
back bay,boston
back bay station,boston
baconsville,shutesbury
bailey,andover
bailey's hill,saugus
baker hill,malden
bakers island,salem
baker's corner,seekonk
baker's grove,westminster
baker’s island,salem
bakerville,dartmouth
balance rock,pittsfield
baldwin,tewksbury
baldwinville,templeton
ball hill,westminster
ball square,somerville
ballardvale,andover
bancroft,middlefield
banner hill,gloucester
baptist hill,conway
baptist hill,palmer
baptist village,east longmeadow
barber hill,warwick
barber's,worcester
barden hills,middleborough
bardwell,belchertown
bare hill,harvard
barker hill,townsend
barkers,plymouth
barkerville,pittsfield
barnardville,worcester
barney's point,wareham
barneyville,swansea
barrack hill,rutland
barre center,barre
barre falls,barre
barre four corners,barre
barre plains,barre
barrett's junction,belchertown
barrowsville,norton
barry's corner,boston
barry's corner,quincy
bartonville,dalton
bass point,nahant
bass river,yarmouth
bass rocks,gloucester
bate's pond,carver
battery,winthrop
bay state village,northampton
bay view,boston
bay view,dartmouth
bay view,gloucester
bay view,weymouth
bay village,boston
bayberry hill,townsend
baylies corner,charlton
beach bluff,swampscott
beach hill,westminster
beach point,truro
beach view,saugus
beacon,worcester
beacon hill,boston
beacon park,webster
beacon park station,boston
bean crossing,rowley
bean porridge hill,westminster
bear hill,merrimac
bear hole,taunton
bear meadow,north reading
bear mountain,wendell
bearfoot district,charlton
bearskin neck,rockport
beaver,north adams
beaver brook,waltham
beaver brook,worcester
beaver meadow,leyden
bedford springs,bedford
beech grove,pittsfield
beech hill,blandford
beech hill,warwick
beechwood,cohasset
beechwood,scituate
bel air,pittsfield
belcher's corner,stoughton
belchertown center,belchertown
bell hill,worcester
bell rock,malden
belle grove,dracut
belle house neck,scituate
belle isle,boston
belle isle,winthrop
belleview park,brockton
belleville,new bedford
bellevue,boston
bellevue,quincy
bellevue heights,oak bluffs
bellingham,chelsea
bellingham center,bellingham
bellingham four corners,bellingham
bellingham junction,bellingham
belmont,malden
belmont hill,malden
belmont hill,worcester
belvidere,lowell
bemis,watertown
bennett hall,billerica
berkley bridge,berkley
berkley common,berkley
berlin station,berlin
berryman's four corners,westport
berry's corner,charlton
beulah,westport
beulah park,randolph
beverly farms,beverly
big chief hill,wellfleet
bigelow hollow,north brookfield
billerica center,billerica
billington sea,plymouth
birch meadow,merrimac
bird island,marion
bird street station,boston
bisbees,chesterfield
bisbee's corner,rochester
black rock,cohasset
blackinton,north adams
blake's hill,plainville
blandford center,blandford
bleachery,lowell
bleachery,peabody
bleachery,somerville
bleachery station,waltham
bliss corner,dartmouth
blissville,orange
blithewood,worcester
bloomingdale,worcester
blubber hollow,salem
blue hill,waltham
blue hill avenue station,boston
blue hill terrace,milton
blue hills,milton
blue meadow,belchertown
bobtown,pittsfield
bofat hill,chesterfield
bogue,barre
bolton center,bolton
bolton station,bolton
bondsville,palmer
bonney ridge four corners,chester
border city,fall river
bostonville,wellesley
bowen’s corner,adams
bowenville,fall river
bowkerville,saugus
box factory,middleton
boxboro station,boxborough
boxford first parish,boxford
boxford second parish,boxford
boxford village,boxford
boylston,boston
boynton's island,gloucester
brace's cove,gloucester
bradley farms,methuen
bradley station,worcester
bragg hill,westminster
braggville,holliston
braggville,medway
braggville,milford
braley's station,freetown
bramanville,millbury
brandon,dudley
brant island,mattapoisett
brant point,nantucket
brant rock,marshfield
brattle station,arlington
brayton point,somerset
braytonville,north adams
breed's end,lynn
brewer's corner,quincy
brewster station,brewster
briar lane,wellfleet
brick alley,mendon
brick city,leicester
brickbottom,somerville
brickett hill,haverhill
brickyard,lynn
bridgewater iron works,bridgewater
bridgewater junction,bridgewater
brier,savoy
brier neck,gloucester
brightly,worcester
brighton,boston
brightside,holyoke
brightwood,springfield
brimstone hill,ware
britanniaville,taunton
broad cove,dighton
broad cove,hingham
brockton heights,brockton
brookline hills,brookline
brookline village,brookline
brook’s station,princeton
brookside,charlton
brookside,dracut
brookside,southbridge
brookside,westford
brookville,fall river
brookville,holbrook
broomshire,conway
brownell's corner,westport
brown's crossing,wilmington
brush hill,milton
brush valley,warwick
bryantville,hanson
bryantville,pembroke
buckland center,buckland
buckland four corners,buckland
bucks village,millbury
buffum's,charlton
buffum's corner,salem
buffumville,oxford
bull island,gosnold
bullardville,winchendon
bull's eye crossing,middleborough
bumpus corner,brockton
burdickville,north adams
burditt hill,clinton
burk's corner,rowley
burkinshaw,pepperell
burkville,conway
burling mills,millbury
burnt hill,heath
burrage,hanson
burt’s corner,berkley
burtt's,tewksbury
bush,brockton
bush corner,middleton
bush factory,norfolk
butlerville,wilbraham
button end,woburn
buzzards bay,bourne
byfield,newbury
cadman's corner,westport
california,clinton
calumet,uxbridge
cambridge highlands,cambridge
cambridgeport,cambridge
camp ground,oak bluffs
camp ground,springfield
camp station,yarmouth
campello,brockton
canada,sunderland
candlewood,ipswich
candlewood,waltham
cannonville,mattapoisett
cannonville,new bedford
canobieola heights,methuen
canterbury,boston
canton center,canton
canton corner,canton
canton farms,canton
canton junction,canton
cape poge,edgartown
caper corner,townsend
captain's hill,duxbury
carlisle station,carlisle
carlisle station,westford
carltonville,lawrence
carltonville,salem
carpenter hill,uxbridge
carsonville,dalton
carters station,berlin
cary hill,brockton
caryville,bellingham
castle hill station,salem
castle island,boston
castle village,truro
cato district,nantucket
catville,hubbardston
cayenne,west springfield
cedar crest,duxbury
cedar grove,boston
cedar station,walpole
cedarville,plymouth
cedarwood,waltham
center abington,abington
center marshfield,marshfield
center village,wareham
centerville,barnstable
centerville,douglas
centerville,grafton
central avenue,boston
central district,boston
central district,lynn
central hill,somerville
central place,oak bluffs
central square,cambridge
central square,woburn
central village,seekonk
central village,westport
centralville,lowell
centre,andover
centreville,brockton
centreville,uxbridge
centreville,winchendon
chace's,taunton
chaffee,oxford
chamberlain's corner,westford
chandler,andover
chaoe's,freetown
chapaquoit,falmouth
chapinsville,lawrence
chapinville,northborough
chaplinville,rowley
chappaquiddic island,edgartown
charles river heights,dedham
charlestown,boston
charlton center,charlton
charlton city,charlton
charlton depot,charlton
chartley,norton
chase's,freetown
chase's,taunton
chaseville,dudley
chatham port,chatham
chattanooga,ashland
cheapside,greenfield
chebacco pond,essex
cheever,stockbridge
cherry brook,weston
cherry valley,leicester
cherry valley,ludlow
cheshire corner,cheshire
cheshire village,cheshire
chester center,chester
chester village,chester
chesterfield center,chesterfield
chestnut hill,belchertown
chestnut hill,boston
chestnut hill,brookline
chestnut hill,newton
chestnut hill,orange
chestnut hill,warwick
chicken alley,oak bluffs
chicopee center,chicopee
chicopee falls,chicopee
chicopee junction,chicopee
chiltonville,plymouth
china town,boston
christian hill,barre
church hill,norwell
church rock,westminster
churchill,holyoke
city hall,lawrence
city line,auburn
city line,worcester
city mills,norfolk
city point,boston
clafinville,hopkinton
clam alley,gloucester
clapp's corner,scituate
clarendon hill,somerville
clarendon hills,boston
clark hill,worthington
clark's island,plymouth
clark's point,new bedford
claverack,whately
clemence hill,southbridge
clemetis brook,waltham
cleveland circle,boston
clevelandtown,edgartown
clicquot,millis
clifford,freetown
clifford,new bedford
clifton heights,brockton
cliftondale,saugus
coatue,nantucket
cobbetts corners,saugus
cobb's tavern,stoughton
coburnville,framingham
cochesett,west bridgewater
cochituate,wayland
codman square,boston
cohasset cove,cohasset
cohasset narrows,wareham
cold hill,granby
cold spring,otis
cold spring,westford
coldbrook,barre
coldbrook,oakham
coldbrook springs,oakham
cole hill,granby
cole's island,gloucester
college hill,worcester
collingwood,plymouth
collins,ludlow
collinsville,dracut
coltsville,pittsfield
columbus park,worcester
commercial point,boston
comminsville,oxford
common area,sturbridge
congamong,southwick
connecticut corner,dedham
conomo point,essex
cooley's bridge,palmer
cooleyville,shutesbury
coolidge corner,brookline
coolidge hill,cambridge
coolidgeville,hudson
copecut,fall river
copeland district,oak bluffs
copper works,norton
coppville,charlton
cordage,plymouth
cordaville,southborough
cordis mills,millbury
corey hill,brookline
corn hill,truro
cotley,taunton
cottage farm,brookline
cottage farm station,boston
cottage hill,winthrop
cottage park,winthrop
cotuit,barnstable
country club,west springfield
country farms,greenfield
court end,middleborough
cove landing,hudson
cove village,dartmouth
cowen's corner,rochester
cowles meadow,northampton
craigville,barnstable
cranberry hill,gloucester
crane's,norton
craneville,dalton
creamery,hardwick
crescent avenue station,boston
crescent beach,mattapoisett
crescent hill,springfield
crescent mills,russell
crescent park,waltham
crickett hill,conway
crimpville,bellingham
crockerville,fitchburg
crookertown,pembroke
crook’s corner,bellingham
crow hills,westminster
crow point,hingham
crow village,peabody
crowleyville,chicopee
crown hill,worcester
crystal lake,gardner
crystal springs station,freetown
cummaquid,barnstable
cummingsville,woburn
cumston village,burlington
curtisville,stockbridge
cutter village,winchester
cuttyhunkisland,gosnold
cyrus,heath
danielsville,rowley
danvers highlands,danvers
danvers plains,danvers
darby,plymouth
darlings,milford
davis corner,foxborough
davis corner,westport
davis's neck,gloucester
davistown,west tisbury
davisville,falmouth
dawson station,holden
dayville,chester
dean hill,westminster
dean station,taunton
deanville,norfolk
dedham island,dedham
dedham road station,canton
deer island,boston
dell,heath
dennison district,southbridge
dennisport,dennis
dennyville,barre
depot village,palmer
diamond cove,gloucester
diamond district,lynn
dighton rock park,dighton
dodge,charlton
dog town,wellfleet
dogtown commons,gloucester
doles' corner,rowley
donkeyville,foxborough
dorchester,boston
dorchester center,boston
dorchester heights,boston
dorchester lower mills,boston
douglas park,brockton
dover center,dover
dowse's corner,sherborn
dracut center,dracut
dragon corner,reading
dresser hill,charlton
dresser hill,southbridge
drury,florida
drury square,auburn
dry pond,stoughton
drydensville,holden
dublin,bridgewater
dublin,peabody
duck harbor,clinton
duck village,somerville
dudley center,dudley
dudley hill,dudley
dudley street station,boston
dunfudgin,gloucester
durensville,woburn
dustin square,haverhill
duxbury beach,duxbury
duxbury beach,marshfield
dwight,belchertown
dyehouse village,lynn
dyer's hollow,truro
eagle hill,plymouth
eagleville,orange
east amherst,amherst
east arlington,arlington
east barre,barre
east berlin,berlin
east billerica,billerica
east boston,boston
east boxford,boxford
east brewster,brewster
east brimfield,brimfield
east buckland,buckland
east cambridge,cambridge
east carver,carver
east central district,lynn
east cheshire,cheshire
east chop,oak bluffs
east dedham,dedham
east dennis,dennis
east douglas,douglas
east dracut,dracut
east end,bolton
east end,peabody
east end,provincetown
east everett,everett
east fairhaven,fairhaven
east falmouth,falmouth
east farms,westfield
east fitchburg,fitchburg
east foxborough,foxborough
east freetown,freetown
east gardner,gardner
east gloucester,gloucester
east groton,groton
east harwich,harwich
east haverhill,haverhill
east hill,belchertown
east hill,leyden
east hill,monson
east hingham,hingham
east holliston,holliston
east hubbardston,hubbardston
east junction,seekonk
east lexington,lexington
east lynn,lynn
east mansfield,mansfield
east marion,marion
east marshfield,marshfield
east mattapoisett,mattapoisett
east middleborough,middleborough
east middleton,middleton
east millis,millis
east milton,milton
east northfield,northfield
east norton,norton
east orleans,orleans
east otis,otis
east pembroke,pembroke
east pepperell,pepperell
east princeton,princeton
east rochester,rochester
east sandwich,sandwich
east saugus,saugus
east section,melrose
east sharon,sharon
east sheffield,sheffield
east side,uxbridge
east somerville,somerville
east springfield,springfield
east sudbury,sudbury
east swansea,swansea
east taunton,taunton
east templeton,templeton
east tewksbury,tewksbury
east village,webster
east walpole,walpole
east wareham,wareham
east watertown,watertown
east wenham,wenham
east weymouth,weymouth
east whately,whately
east whitman,whitman
east wilbraham,wilbraham
east wilmington,wilmington
east windsor,windsor
east woburn,woburn
east worcester,worcester
eastern point,gloucester
eastham center,eastham
easton center,easton
easton furnace,easton
eastondale,easton
eastondale,west bridgewater
eastville,oak bluffs
echo hill,amherst
eddyville,middleborough
edgemere,shrewsbury
edgewood,swampscott
edgeworth,malden
edward's plain,sherborn
eel point,nantucket
egleston square,boston
egypt,scituate
egypt,somerset
elesmere,dracut
eliot,newton
ellinwood heights,oak bluffs
elliott's corner,taunton
ellis,norwood
ellis four corners,plymouth
ellis furnace,carver
ellis mills,monson
ellis mills,wilbraham
ellis park,brockton
ellis station,dedham
ellison park,waltham
ellisville,plymouth
elmdale,uxbridge
elmhurst,brockton
elmville,west bridgewater
elmwood,dedham
elmwood,east bridgewater
elmwood,holyoke
elysian heights,oak bluffs
endicott,dedham
essex,boston
essex falls,essex
eveningside,pittsfield
everettville,princeton
factory hollow,amherst
factory hollow,greenfield
factory village,brockton
factory village,greenfield
factory village,medway
factory village,middlefield
fairbank's park,dedham
fairfield,russell
fairlawn,southbridge
fairlawn,tewksbury
fairmount,boston
fairmount,worcester
fairview,chicopee
fairview,newton
fall brook,middleborough
falmouth heights,falmouth
falmouth village,falmouth
faneuil,boston
faneuil (rr) station,boston
farley,wendell
farm bridge,milford
farm hill station,stoneham
farm neck,oak bluffs
farm street station,dover
farmersville,sandwich
farnams,cheshire
faulkner,malden
faunce corner,dartmouth
fay estate,lynn
fayal,oak bluffs
fayville,southborough
fearing's hill,wareham
federal,belchertown
federal hill,dedham
federal hill,oxford
felix neck,edgartown
fells,malden
fells,melrose
fenway,boston
ferncroft,danvers
ferncroft station,danvers
fernwood,gloucester
ferry hill,marshfield
ferry street,fall river
fiberloid,springfield
fiddler's green,bolton
fields corner,boston
fieldston,marshfield
fienner hill,webster
financial district,boston
first cliff,scituate
fisher hill,brookline
fisherman’s field,gloucester
fiskedale,sturbridge
five corners,granby
five paths,wayland
five points,gloucester
flag meadowpond,westminster
flat hill,amherst
flathill,lunenburg
flint village,fall river
florence,northampton
flower hill,warwick
folly cove,rockport
folly cove village,gloucester
fomer,southampton
forbes,chelsea
forbush hill,bolton
fordsville,duxbury
forest hill,oak bluffs
forest hills,boston
forest lake,palmer
forest park,springfield
forest river,salem
forestdale,malden
forestdale,sandwich
forge pond district,granby
forge village,westford
fort devens,ayer, shirley and harvard
fort hill,boston
fort hill,eastham
fort hill,oxford
fort laverty,millbury
fort phoenix,dartmouth
fort point,weymouth
fort sumpter,southbridge
fosterville,pembroke
four corners,boston
four corners,chester
four corners,dedham
four corners,middleborough
four corners,palmer
four corners,plymouth
four corners,worthington
fourth cliff,scituate
fowler hill,westminster
fox hill,gloucester
foxborough center,foxborough
framingham center,framingham
francis hill,westford
franconia,springfield
franklin,belchertown
franklin hill,plainville
franklin park,boston
franklin square,pittsfield
french hill,marlborough
fresh brook,wellfleet
fresh pond,cambridge
fresh water cove village,gloucester
frog island,peabody
frey's corner,haverhill
fryeville,bolton
fryville,orange
fulton village,woburn
furnace,hardwick
furnace district,stockbridge
furnace hill,cheshire
furnace village,easton
furnace village,freetown
furnace village,orange
gallows hill,salem
gannett corner,scituate
garden city,newton
gardner center,gardner
gardner park,peabody
gardner's neck,swansea
gardnerville,duxbury
gates crossing,leominster
george's crossing,oxford
germantown,boston
germantown,clinton
germantown,dedham
germantown,new bedford
germantown,quincy
gibbs crossing,ware
gifford's corner,marion
gifford's corner,westport
gilbertville,hardwick
gill station,northfield
gilletts corner,southwick
gill's corner,stoughton
gleason junction station,hudson
gleasondale,stow
glen mills,rowley
glenallan,winchendon
glendale,easthampton
glendale,everett
glendale,middlefield
glendale,southampton
glendale,stockbridge
glendale,wilbraham
glenmere,charlton
glenmere,lynn
glennonville,dalton
glenwood,oxford
glenwood,springfield
glenwood,webster
glenwood ave,boston
glenwood park,lynn
globe village,fall river
globe village,southbridge
glover's corner,boston
glue hill,peabody
goldthwaite park,worcester
good harbor,gloucester
goodrichville,lunenburg
goodyear park,holyoke
goose cove harbor village,gloucester
goose pond,tyringham
gore,blandford
gore,oxford
gore district,webster
gospel hill,hudson
grafton colony,shrewsbury
grafton hill,worcester
granby center,granby
grand island,barnstable
grand view,saugus
granite bridge,boston
granite quarry,monson
graniteville,westford
grape island,weymouth
gravesend,lynn
gravesville,hudson
great beach hill,wellfleet
great head,winthrop
great hill,marion
great hill,weymouth
great island,wellfleet
great neck,marion
great neck,wareham
great plains,edgartown
great point,nantucket
great pond,eastham
great rock,rehoboth
green hill,worcester
green island,worcester
greenbush,scituate
greendale,worcester
greenfield north parish,greenfield
greenlodge,dedham
greenville,leicester
greenville,sandwich
greenwood,wakefield
greenwood park,westport
greenwood pond,westminster
greenwood section,millbury
greylock,north adams
griffin island,wellfleet
grove hall,boston
groveland east parish,groveland
guinea,plainville
gurnet,plymouth
gurney's corners,hanson
hadley,merrimac
haggatts station,andover
half moon park,shrewsbury
halifax station,halifax
hallockville,plainfield
hall's corner,duxbury
hallsville,lawrence
hamerock,charlton
hamilton beach,wareham
hamlin's corner,marion
hammond street,worcester
hammond square,woburn
hammondstown,mattapoisett
hampshire village,amherst
happy hollow,brockton
happy hollow,uxbridge
happy hollow,winchendon
harbor view,boston
harbor view,fairhaven
harding,medfield
harding's hollow,truro
hardwick village,hardwick
harris,rehoboth
harrison square,boston
harrisville,winchendon
hart corners,taunton
harthaven,oak bluffs
harvard center,harvard
harvard lawn,belmont
harvard square,cambridge
harvard street station,boston
harwich center,harwich
harwichport,harwich
harwoods crossing,barre
haskins,middleborough
hastings,weston
hastings station,weston
hasting's heights,holyoke
hastingsville,framingham
haswell park,middleton
hatchville,duxbury
hatchville,falmouth
hatherly,rockland
hatherly,scituate
hathorne,danvers
hathorne station,danvers
haven gates,oak bluffs
haverhill east parish,haverhill
haverhill north parish,haverhill
haverhill west parish,haverhill
hawes,oxford
hawks brook,methuen
hayden row,hopkinton
haydenville,williamsburg
haywardville,stoneham
hazelwood highland,boston
hazelwood station,boston
head of pond,oak bluffs
head of the harbor,gloucester
head of the meadow,truro
head of westport,westport
head pamet,truro
heald village,barre
heartbreak hill,gloucester
heartbreak hill,newton
heath center,heath
hecla,uxbridge
hell's kitchen,cheshire
hemlock,westport
hen house hill,wellfleet
hethern heights,oak bluffs
heywoods,gardner
hicksville,dartmouth
higgins hollow,truro
high head highland,truro
high plains,barre
high rock,lynn
highland,springfield
highland,truro
highland,worcester
highland lake,norfolk
highland light,truro
highland park,avon
highland park,holyoke
highland park,middleton
highland terrace,brockton
highlands,fall river
highlands,haverhill
highlands,holyoke
highlands,lowell
highlands,lynn
highlands,merrimac
highlands,middleborough
highlands,waltham
hill crossing,belmont
hillcroft,worcester
hillside park,southbridge
hillsville,spencer
hingham center,hingham
hobs hole,plymouth
hockanum,yarmouth
hodges village,oxford
hodgkins' cove,gloucester
hog island,boston
hogsback,truro
holbrook center,holbrook
holbrook gardens,holbrook
holbrook gardens,randolph
holden center,holden
hollingsworth,groton
hollingsworth station,pepperell
holliston center,holliston
hollywood,mattapoisett
holmes dam,plymouth
holme's park,westminster
holt,andover
holtshire,orange
holyoke,belchertown
hommfield,boston
honeypot,norfolk
hooker district,southbridge
hopeville,worcester
hopewell,taunton
horn pond,woburn
hornbine,rehoboth
horse neck beach,westport
horton signal,rehoboth
hortonville,swansea
hospital hill,northampton
hough's neck,quincy
houghtonville,north adams
housatonic,great barrington
hovenden park,brockton
hovey corner,pepperell
howarth's village,oxford
howe village,boxford
howe's station,middleton
howland village,new bedford
howlands,adams
hub section,webster
hubbard corners,agawam
hubbardston station,hubbardston
huff's mill,pepperell
humarock,scituate
hut meadow,cheshire
hyannis,barnstable
hyannis port,barnstable
hydeville,winchendon
hygienic blanket mills,hubbardston
iceville,springfield
idlewood grove,wenham
idlewood lake,hamilton
indian head pond,hanson
indian hill,worcester
indian neck,wareham
indian neck,wellfleet
indian orchard,springfield
indian town,fall river
indian town,westport
ingalls,winthrop
ingalls station,north andover
ingalside,holyoke
inglewood,methuen
inman square,cambridge
interlachen,fall river
interlaken,stockbridge
intervale park,brockton
ipswich village,ipswich
ireland street,chesterfield
irish plains,greenfield
ironstone,uxbridge
island,worcester
island creek,duxbury
island hill,malden
island park,haverhill
islington,westwood
jabez corner,plymouth
jackson's brook,plymouth
jacksonville,fitchburg
jamaica plain,boston
jamesville,worcester
japan,bridgewater
jarvesville,sandwich
jeffries point,boston
jenksville,springfield
jericho,dalton
jericho,dudley
jericho,scituate
jerusalem,dedham
jerusalem,west bridgewater
jesserville,new bedford
john brown's crossing,wellfleet
john's pond,carver
johnsonville,newton
jones city,randolph
jones' nose,cheshire
joppa,gloucester
joslinville,townsend
judson,raynham
junction station,pittsfield
juniper point,gloucester
juniper point,salem
katama,edgartown
kellogg plantations,southwick
kelltown,woburn
kempton park,dartmouth
kempville,north adams
kendall green station,weston
kendall square,cambridge
kenersonville,new bedford
kenmore square,boston
kenney mills,wareham
kenwood,dracut
kenwood,saugus
kettle cove,gloucester
keys hill,pepperell
kingdom,peabody
kingsbury district,webster
kingscroft,peabody
kirby's corner,westport
kittredgeville,dalton
klondike,groveland
knife works,sharon
knight's crossing,newbury
knollwood,sharon
lagoon heights,oak bluffs
lake attitash,merrimac
lake boone,stow
lake crossing,wellesley
lake mattewa,orange
lake mendon park,mendon
lake pearl station,wrentham
lake pleasant,montague
lake section,webster
lake shore,shrewsbury
lake village,topsfield
lakemont,worcester
lakeshore park,lynn
lakeside,worcester
lakeview,foxborough
lakeview,tewksbury
lakeview,waltham
lakeview,worcester
lakeview park,tyngsborough
lakeville,belchertown
lakeville,essex
lakewood,worcester
lakewood park,westminster
lambert's cove,west tisbury
lamedville,auburn
lancaster,oxford
land's end,rockport
lanesville,gloucester
larchwood,cambridge
larnedville,oxford
larrywaug,stockbridge
laurel,belchertown
laurel park,northampton
lawndale,saugus
lawrence station,taunton
lawrence station,tewksbury
lawson villa,southbridge
lawton's corner,westport
lead mine section,sturbridge
leather district,boston
lebanon hill,southbridge
lebanon mills,seekonk
lechmere point,cambridge
lechmere square,cambridge
ledgeville,petersham
leeds,northampton
leesville,worcester
leighton corner,rowley
leino park,westminster
lelandsville,charlton
lenox dale,lenox
lensdale,southbridge
leominster center,leominster
leyden center,leyden
leyden park,brockton
liberty,belchertown
liberty hill,wendell
liberty plain,hingham
lieutenant island,wellfleet
lincoln center,lincoln
lincoln heights,saugus
lincoln hill,cohasset
lincoln park,hudson
lincoln park,worcester
lincoln woods,waltham
lincolnville,oakham
linden,malden
linden highlands,malden
linden station,malden
lindenwood,stoneham
line brook village,ipswich
linwood,lynn
linwood,northbridge
linwood,uxbridge
lithia,goshen
little canada,lowell
little canada,north brookfield
little long pond,plymouth
little nahant,nahant
little neck,ipswich
little pond,edgartown
little river,westfield
littleville,chester
lobster cove,gloucester
locke bog,wareham
lockerville,framingham
lockerville,wayland
lock's pond,shutesbury
lock's village,shutesbury
lock's village,wendell
log plain,greenfield
long beach,gloucester
long beach,rockport
long hill,bolton
long hill,edgartown
long hill,rehoboth
long hill,west newbury
long island,boston
long neck,wareham
long point,provincetown
long pond,eastham
long pond,plymouth
longwood,brookline
longwood,oak bluffs
look's mills,rochester
loraine,north adams
loudville,northampton
loudville,westhampton
lovell's corners,weymouth
lovell's grove,weymouth
lovellville,holden
lovel’s island,boston
low beach,nantucket
lowell junction station,andover
lower barkerville,pittsfield
lower corner,merrimac
lower meadows,greenfield
lower plain,hingham
lower port,cambridge
lower village,stow
lower warren,warren
ludlow center,ludlow
ludlow city,granby
ludlow city,ludlow
lunenburg center,lunenburg
lunenburg station,lunenburg
luther's corner,seekonk
lynmere,lynn
lynn common,lynn
lynn woods,lynn
lynnhurst,lynn
lynnhurst,saugus
lyons village,monson
mace's station,tewksbury
machine shop station,north andover
madaket,nantucket
magnolia,gloucester
main south,worcester
major's cove,oak bluffs
makonikey,west tisbury
mann's hill,sharon
manomet,plymouth
manter's point,plymouth
manville,leicester
many ranta,westminster
maple grove,adams
mapleville,wenham
maplewood,fall river
maplewood,malden
maplewood highlands,malden
maplewood park,gloucester
maplewood station,malden
maravista,falmouth
marble ridge station,north andover
marino village,webster
marland village,andover
marlborough,georgetown
marlborough junction,marlborough
marshall's corner,brockton
marshall's corner,westminster
marshfield hills,marshfield
marston’s mills,barnstable
martin park,franklin
martin's pond,north reading
massapoag lake,sharon
matfield,west bridgewater
mattapan,boston
mattapan,milton
mattapoisette neck,mattapoisett
mayflower heights,provincetown
mayo corner,warwick
maywood,auburn
mcknight,springfield
meadow view,north reading
meadows,sunderland
meadows,worcester
mechanicsville,fall river
medfield junction,medfield
medway village,medway
meeting house hill,boston
meeting house hill,shrewsbury
meeting house pond,westminster
meetinghouse hill,gloucester
megansett,falmouth
melrose highlands,melrose
menauhant,falmouth
menlo park,brockton
merino village,webster
merriam district,oxford
merrick,springfield
merrimac center,merrimac
merrimacport,merrimac
merrymount park,quincy
meshaket grove,oak bluffs
metcalf,holliston
mica mill,chester
mid cambridge,cambridge
middle farms,westfield
middlefield center,middlefield
middlesex fells,malden
middlesex junction,lowell
middlesex village,lowell
middleton,yarmouth
miles river,hamilton
milk island,gloucester
mill hill,edgartown
mill pond bluff,chatham
mill river,deerfield
mill river,new marlborough
mill valley,amherst
mill valley,belchertown
mill village,ashby
mill village,dedham
mill village,sudbury
millbrook,duxbury
millbury center,millbury
millbury junction,millbury
miller street station,ludlow
miller's falls,montague
millerville,blackstone
millett's island,gloucester
millvale,haverhill
millville,blackstone
millville line,uxbridge
milward,charlton
millwood,framingham
millwood,rowley
milton center,milton
milton hill,milton
milton lower falls,milton
minot,scituate
minot district,westminster
mirror lake,hudson
misery island,salem
mishamet point,dartmouth
mishap hill,westminster
mishawum station,woburn
mission hill,boston
money hill,wellfleet
monohansett island,gosnold
monomoy,nantucket
monomoy island,chatham
monponsett,hanson
monroe bridge,monroe
montague center,montague
montague city,montague
montclair,quincy
montello,brockton
montrose,wakefield
montvale station,woburn
montwayte,framingham
monument beach,bourne
moody corner,granby
moose hill,sharon
morey pond,walpole
mormon hollow,wendell
morningdale,boylston
morningside,pittsfield
morrills,norwood
morse district,southbridge
morse hollow,leominster
morse's corner,brockton
morseville,charlton
morton park,plymouth
morton station,charlton
mosquito village,hamilton
mount auburn,watertown
mount auburn station,cambridge
mount blue,hingham
mount blue,norwell
mount bowdoin,boston
mount carmel,middleborough
mount dumplin,palmer
mount hermon,northfield
mount hood,melrose
mount hope station,boston
mount pleasant,boston
mount pleasant,dracut
mount pleasant,peabody
mount pleasant station,new bedford
mount saint james,worcester
mount section,franklin
mount tom,northampton
mount wachusett,princeton
mount washington,everett
mount washington,haverhill
mountain park,swampscott
mud pond,westminster
muddy brook,cheshire
muggett,charlton
mulpus,lunenburg
mundale,westfield
mungo's corner,scituate
munroe,lexington
muschopauge,rutland
muskeget island,nantucket
musterfield,abington
muttock,middleborough
myricks,berkley
mystic,winchester
nabnasset,westford
namasket,middleborough
namequoit,orleans
nantasket beach,hull
nantasket junction,hingham
nantucket village,nantucket
narrows,westminster
narrow's village,wareham
nash,weymouth
nash's mill,greenfield
nashawena island,gosnold
nashoba,westford
nasketucket,fairhaven
nausett,eastham
nauset beach,orleans
naushon island,gosnold
naval magazine,hingham
navon,salem
navy yard.,boston
navy yard,dracut
neck,chatham
neck,middleborough
neck,plympton
neck,truro
ned's point,mattapoisett
needham's corner,peabody
neighborly,worcester
nelson island,rowley
nemequoit,orleans
neponset,boston
new boston,dracut
new boston,fairhaven
new boston,fall river
new boston,rutland
new boston,winchendon
new boston,woburn
new bridge village,woburn
new dublin,cheshire
new dublin,randolph
new lenox,lenox
new maine,foxborough
new salem station,petersham
new salisbury,amesbury
new state,foxborough
new state,hanson
new state,milton
new worcester,worcester
newbury lower green,newbury
newbury upper green,newbury
newell,groton
newstate,savoy
newton,worcester
newton center,newton
newton corner,newton
newton highlands,newton
newton lower falls,newton
newton lower falls,wellesley
newton upper falls,newton
newton street,waltham
newton west parish,newton
newtonville,newton
neyville,falmouth
nichewaug,petersham
nicholsville,hubbardston
niles pond,gloucester
nippenicket park,bridgewater
nissitissett,pepperell
nobscot,framingham
nockset,gosnold
noamesset island,gosnold
nonantum hill,boston
nonquitt,dartmouth
norfolk center,norfolk
norfolk downs,quincy
norman hollow,groveland
norman's woe,gloucester
north abington,abington
north adams junction,pittsfield
north amherst,amherst
north andover center,north andover
north andover depot,north andover
north bellingham,bellingham
north billerica,billerica
north blandford,blandford
north bluff,oak bluffs
north brewster,brewster
north cambridge,cambridge
north carver,carver
north charlton,charlton
north chatham,chatham
north chelmsford,chelmsford
north cheshire,cheshire
north chester,chester
north chicopee,chicopee
north cohasset,cohasset
north common,westminster
north dartmouth,dartmouth
north dennis,dennis
north dighton,dighton
north dighton station,taunton
north duxbury,duxbury
north east royalston,royalston
north eastham,eastham
north easton,easton
north egremont,egremont
north end,boston
north end,essex
north end,lunenburg
north end,new bedford
north end,townsend
north end,walpole
north end,westford
north falmouth,falmouth
north farms,northampton
north foxborough,foxborough
north framingham,framingham
north franklin,franklin
north grafton,grafton
north groveland,groveland
north hadley,hadley
north hanson,hanson
north harwich,harwich
north hatfield,hatfield
north heath,heath
north lawrence,lawrence
north leominster,leominster
north leverett,leverett
north lexington,lexington
north longyard,southwick
north marion,marion
north marshfield,marshfield
north middleborough,middleborough
north middleton,middleton
north milford,milford
north monson,monson
north orange,orange
north orleans,orleans
north otis,otis
north oxford,oxford
north oxford mills,oxford
north oxford station,oxford
north peabody,peabody
north pembroke,pembroke
north pepperell,pepperell
north plymouth,plymouth
north plympton,plympton
north pond,orange
north postal annex,boston
north quincy,quincy
north randolph,randolph
north raynham,raynham
north rehoboth,rehoboth
north rochester,rochester
north royalston,royalston
north rutland,rutland
north salem,salem
north saugus,saugus
north scituate,scituate
north scituate beach,scituate
north seekonk,seekonk
north sherborn,sherborn
north side,charlton
north somerville,somerville
north spencer,spencer
north still river,harvard
north stoughton,stoughton
north sudbury,sudbury
north sunderland,sunderland
north swansea,swansea
north taunton,taunton
north tewksbury,tewksbury
north tisbury,west tisbury
north truro,truro
north uxbridge,uxbridge
north village,pepperell
north village,webster
north walpole,walpole
north westminster,westminster
north westport,westport
north weymouth,weymouth
north wilbraham,wilbraham
north wilmington,wilmington
north woburn,woburn
north worcester,worcester
northfield farms,northfield
northfield mountain,northfield
northville,whitman
northville,worcester
norton center,norton
norton furnace,norton
norumbega,newton
norwell center,norwell
norwood central,norwood
norwood heights,gloucester
notch,north adams
notown,fitchburg
notown,westminster
nunnepog,oak bluffs
nutting lake,billerica
oak grove,malden
oak grove,oak bluffs
oak grove village,fall river
oak hill,brockton
oak hill,harvard
oak hill,pepperell
oak hill,westford
oak hill,worcester
oak knoll,springfield
oak ridge,plymouth
oak street station,springfield
oak square,boston
oak swamp,rehoboth
oakdale,dedham
oakdale,holyoke
oakdale,wareham
oakland,oak bluffs
oakland,taunton
oakland park,tewksbury
oaklands,lowell
oaklands,springfield
oaklandville,saugus
oakside,methuen
ocean bluff,marshfield
ocean grove,swansea
ocean heights,edgartown
ocean spay,winthrop
ocean view,rockport
old cambridge,cambridge
old city,townsend
old colony hill,hingham
old colony house,hingham
old common,millbury
old furnace,hardwick
old harbor,chatham
old harbor village,boston
old landing,marion
old mill,harvard
old spain,weymouth
old town,newbury
olney corners,charlton
onset,wareham
onset bay,wareham
onset junction,wareham
orchard valley,amherst
ordway,hudson
oregon,ashland
orient heights,boston
orleans center,orleans
osgood,andover
osterville,barnstable
otis air force base,falmouth
otter river,templeton
over the river district,brookfield
overbrook,wellesley
oxford,fairhaven
oxford heights,auburn
oxford heights,oxford
oyster harbors,barnstable
packachoag hill,auburn
padanaram,dartmouth
pamet point,wellfleet
pan,bolton
pansy park,belchertown
paper mill village,groton
paper mills,haverhill
paper mills,middleton
paper mills,peabody
park hill,northampton
park hill,millbury
parker hill,boston
parker mills,wareham
parker school house,charlton
parkers mills,oakham
parkerville,westford
park's corner,framingham
parkwood beach,wareham
parley vale,boston
parlowtown,wareham
partridge hill,charlton
pasque island,gosnold
patch,auburn
pattenville,billerica
pattenville,tewksbury
paucatuck,west springfield
paugus,pepperell
pawtucketville,lowell
payson park,belmont
peaked hill,provincetown
peasville,middleborough
peck's,pittsfield
pembroke center,pembroke
penikese island,gosnold
pepperell station,pepperell
perrins crossing,seekonk
perryville,dudley
perryville,rehoboth
petty's plain,greenfield
phelps district,blandford
phelps’ mills,peabody
phillipdale,charlton
phillips,andover
phillips beach,swampscott
physic point,wellfleet
piccadilly,westborough
pico beach,mattapoisett
piedmont,worcester
pierce's bridge,lexington
pierceville,rochester
piety corner,waltham
pigeon hill,waltham
pilgrim heights,provincetown
pilgrim hill,gloucester
pill hill,brookline
pilot's hill,gloucester
pincin hill,scituate
pine grove,lynn
pine grove,newton
pine grove,northampton
pine heights,dedham
pine hill,lynn
pine island,mattapoisett
pine meadow,northfield
pine point,springfield
pine ridge,dedham
pine ridge,westford
pine tree brook,milton
pinehurst,billerica
pinehurst beach,wareham
pitcherville,hubbardston
pittsfield junction,pittsfield
plainfield,nantucket
plainfield center,plainfield
plains,edgartown
plains,northfield
plains,orange
plains,oxford
plains,sharon
plainville,hadley
plainville,new bedford
planter's neck,gloucester
playstead,winthrop
pleasant hill,saugus
pleasant lake,harwich
pleasant lake,harvard
pleasant park,brockton
pleasant point,wellfleet
pleasant valley,amesbury
pleasant valley,methuen
pleasantville,brockton
pleasantville,freetown
plowed neck,sandwich
plum cove,gloucester
plum island,ipswich
plum island,newburyport
plymouth woods,plymouth
pocasset,bourne
pochassie,westfield
pocomo,nantucket
pohoganut,edgartown
point gammon,yarmouth
point grove,southwick
point independence,wareham
point pleasant,webster
point shirley,winthrop
poland,conway
polandville,webster
polpis,nantucket
pomeroy,pittsfield
pond district,amesbury
pond plain,weymouth
pond village,truro
pond village,yarmouth
pondville,auburn
pondville,norfolk
ponkapoag,canton
pontoosuc,pittsfield
pontville,hubbardston
poor,andover
pope’s hill,boston
popes point,carver
poquanticut,easton
pork lane,cheshire
porter,weymouth
porter square,cambridge
porter's pass,brockton
porter's station,cambridge
portnomequot,orleans
portuguese hill,gloucester
post island,quincy
potenska point,dartmouth
potopoag,brookfield
pottersville,somerset
pound hill,rutland
poverty point,nantucket
poverty point,plymouth
powder horn hill,chelsea
powder house,westminster
powder mill,barre
powder point,duxbury
power station,hingham
power station,millbury
prattville,chelsea
prattville,raynham
primus,pepperell
princeton depot,princeton
priscilla beach,plymouth
proctor's crossing,peabody
prospect heights,oak bluffs
prospect hill,brockton
prospect hill,hingham
prospect hill,plympton
prospect hill,somerville
prospect hill,west springfield
prospect hill,westminster
prospect park,brockton
prospectville,waltham
pucker town,wellfleet
pudding hill,lynn
puddingshire,middleborough
pumping station,plymouth
pumpkin hollow,conway
pumpkin hook,cheshire
purchade,middleborough
puritan heights,provincetown
putnams rock,middleborough
putnam's village,charlton
putnamville,danvers
quaboag village,north brookfield
quaise,nantucket
quaker city,uxbridge
quaker hill,foxborough
quampacha,edgartown
quansett,westport
quarry,stockbridge
queen anne's corner,hingham
queen anne's corner,norwell
quidnet,nantucket
quinapoxet,holden
quincy adams,quincy
quincy neck,quincy
quincy point,quincy
quinebaug,dudley
quinsigamond,shrewsbury
quisset,falmouth
quitticus,carver
rabbit hill,plainville
race point,provincetown
raddin,lynn
rafe's chasm,gloucester
railroad park,westport
rakeville,bellingham
ram island,mattapoisett
ram's horn,dudley
randolph farms,randolph
rangeley acres,waltham
rangeley park,brockton
raymond red brook,plymouth
raymond's corner,westminster
raynham center,raynham
reading highlands,reading
readville,boston
readville manor,dedham
red bridge,ludlow
red bridge,stoughton
red school,winchendon
reed's corner,waltham
rehoboth center,rehoboth
rehoboth village,rehoboth
renaud heights,fall river
renfrew,dalton
reservoir,brookline
reservoir,ludlow
reservoir hill,cambridge
reservoir station,boston
revere beach,revere
rexhame,marshfield
reynolds' rock,cheshire
rice city,uxbridge
rice corner district,brookfield
rice crossing,wellesley
rice village,barre
richard's corner,west bridgewater
richardson row,woburn
richardson's corner,charlton
richmond,taunton
richmond furnace,richmond
richmond summit station,richmond
ridge hill,brockton
ridge hill,norwell
rings corner,amesbury
ringville,worthington
rising corners,southwick
river end,norfolk
river street,boston
river village,merrimac
riverdale,billerica
riverdale,dedham
riverdale,dracut
riverdale,gloucester
riverdale,west springfield
riverdale mills,gloucester
riverdale park,gloucester
rivermoore,scituate
riverside,cambridge
riverside,gill
riverside,hatfield
riverside,haverhill
riverside,newton
riverside,weston
riverside,williamstown
riverside,worthington
riverside heights,dedham
riverside station,holyoke
riverside station,newton
riverview heights,dedham
riverview station,waltham
rivulet,uxbridge
roberts,waltham
robert's meadow,northampton
robinsonville,mansfield
rochdale,leicester
rochester center,rochester
rock,leicester
rock alley,waltham
rock harbor,orleans
rock island,quincy
rock rimmon,granby
rock station,middleborough
rock valley,holyoke
rockbottom,stow
rockdale,northbridge
rockdale,new bedford
rockdale,west stockbridge
rockholm,gloucester
rocklawn mills,westborough
rockville,medway
rockville,millis
rocky hill,amesbury
rocky hill,boston
rocky hill,plymouth
rocky hill,rehoboth
rocky hill,milford
rocky meadow,middleborough
rocky neck,gloucester
rocky nook,hingham
rogersville,uxbridge
rollstone hill,fitchburg
root district,southwick
rooty plain,rowley
rose cliff,weymouth
rosemont,haverhill
roslindale,boston
rossiter corners,richmond
round hill,springfield
round hill point,dartmouth
round meadow,westminster
roundsville mills,rochester
roxbury,boston
roxbury crossing,boston
royalston center,royalston
rugby,boston
rushville,springfield
russell mills,dartmouth
russell's,pittsfield
russellville,southampton
rust island,gloucester
rutland center,rutland
ryder village,barre
sabbatia park,taunton
sacarrappa,oxford
sacket's harbor,petersham
saconnesset,falmouth
sagamore,bourne
sagamore beach,bourne
sagamore city,fall river
sagamore hill,lynn
sagamore hill,sandwich
saint ann's hill,worcester
salem junction,tewksbury
salem neck,salem
salem willows,salem
salisbury beach,salisbury
salisbury heights,brockton
salisbury point,amesbury
salter's point,dartmouth
samp porridge hill,gloucester
samponville,worthington
sand hill,sandwich
sand hills,scituate
sanders hill,haverhill
sandersdale,southbridge
sandy bar,worcester
sandy hill,chicopee
sandy neck,barnstable
sandy valley,dedham
sanford's bound,westport
sankaty bluff,nantucket
sankaty head,nantucket
santuit,barnstable
saquish,plymouth
saugus center,saugus
saundersdale,southbridge
savaryville,groveland
savin hill,boston
savoy center,savoy
savoy hollow,savoy
sawtelleville,brockton
saxonville,framingham
scaden,uxbridge
scargo hill,dennis
schooset,pembroke
schooset,taunton
scituate center,scituate
scituate harbor,scituate
scituate neck,scituate
scituate station,scituate
sconticut neck,fairhaven
scorton,sandwich
scotland,andover
scotland,bridgewater
scott hill,bellingham
scott's woods,milton
scrabble hollow,westminster
scrabbletown,cheshire
sea view,marshfield
seaddings,taunton
seaglen,oak bluffs
seagrit,saugus
searsville,williamsburg
seaside,plymouth
second cliff,scituate
seekonk,great barrington
segreganset,dighton
sengekontacket,oak bluffs
shaboken,harvard
shady hill,bedford
shaker glen,woburn
shaker village,harvard
shanghai,scituate
sharon center,sharon
sharon corner,walpole
sharon heights,sharon
shattuckville,colrain
shawmut,new bedford
shaw's corner,brockton
shawsheen road park,tewksbury
shawsheen village,andover
shawville,wales
shelburne falls,buckland
shelburne falls,shelburne
sheldonville,wrentham
shepardville,plainville
sherman terrace,somerset
sherman's corner,rochester
sherman's corner,scituate
shimmo,nantucket
shirkshire,conway
shirley center,shirley
shoestring district or village,carver
shrewsbury center,shrewsbury
shrewsbury lower village,shrewsbury
shuttleville,southbridge
siasconset,nantucket
siggsville,adams
silloway's hill,west newbury
silver beach,falmouth
silver hill,milford
silver hill,weston
silver lake,kingston
silver lake,plympton
silver lake,wilmington
silver lake park,tewksbury
silver shell,marion
single tax,harvard
sippican,marion
sippiwisset,falmouth
sixteen acres,springfield
skinnerville,williamsburg
slab city,belchertown
smith crossing station,hardwick
smith hollow,middlefield
smith village,westminster
smith's ferry,holyoke
smith's mills,dartmouth
smith's neck,dartmouth
smithville,barre
smithville,spencer
snake hill,charlton
snake meadow hill,westford
sodam,hanson
sodam,rowley
sodam,tyringham
soldiers field,boston
somerset junction,fall river
somerville highlands,somerville
somerville junction,somerville
south amherst,amherst
south ashburnham,ashburnham
south ashfield,ashfield
south attleboro,attleboro
south barre,barre
south beach,edgartown
south belchertown,belchertown
south bellingham,bellingham
south berlin,berlin
south billerica,billerica
south bolton,bolton
south boston,boston
south brewster,brewster
south byfield,newbury
south carver,carver
south charlton,charlton
south chatham,chatham
south chelmsford,chelmsford
south cove,boston
south dartmouth,dartmouth
south dedham,dedham
south dennis,dennis
south dighton,dighton
south duxbury,duxbury
south eastham,eastham
south easton green,easton
south easton unionville,easton
south egremont,egremont
south end,boston
south end,leominster
south end,lunenburg
south end,new bedford
south end,woburn
south essex,essex
south everett,everett
south fitchburg,fitchburg
south foxborough,foxborough
south framingham,framingham
south franklin,franklin
south gardner,gardner
south grafton,grafton
south groveland,groveland
south hadley falls,south hadley
south halifax,halifax
south hamilton,hamilton
south hanson,hanson
south harwich,harwich
south hingham,hingham
south hopedale,hopedale
south lancaster,lancaster
south lawrence,lawrence
south lee,lee
south leyden,leyden
south longyard,southwick
south lowell,lowell
south lowell,tewksbury
south lynnfield,lynnfield
south mashpee,mashpee
south middleborough,middleborough
south middleton,middleton
south milford,milford
south monson,monson
south natick,natick
south orleans,orleans
south oxford,oxford
south part,conway
south peabody,peabody
south plymouth,plymouth
south pond village,plymouth
south postal annex,boston
south quarter woods,russell
south quincy,quincy
south raynham,raynham
south rehoboth,rehoboth
south rockport,rockport
south row,townsend
south royalston,royalston
south salem,salem
south sandisfield,sandisfield
south sandwich,sandwich
south seekonk,seekonk
south sharon,sharon
south sherborn,sherborn
south shrewsbury,shrewsbury
south shutesbury,shutesbury
south side,waltham
south somerset,somerset
south spencer,spencer
south stoughton,stoughton
south sudbury,sudbury
south swansea,swansea
south tewksbury,tewksbury
south truro,truro
south uxbridge,uxbridge
south vernon,northfield
south village,ashby
south village,webster
south walpole,walpole
south waltham,waltham
south wareham,wareham
south wellfleet,wellfleet
south westminster,westminster
south westport,westport
south weymouth,weymouth
south wilmington station,woburn
south worcester,worcester
south worthington,worthington
south yarmouth,yarmouth
southfield,new marlborough
southville,southborough
southwick center,southwick
southwick district,uxbridge
spectacle island,boston
spectacle pond,sandwich
spindleville,hopedale
spotless town,randolph
sprague's cove,marion
sprague's hill,bridgewater
spring hill,sandwich
spring hill,somerville
spring road crossing,bedford
spring street station,boston
spring valley,wellfleet
spring village,winchendon
springdale,canton
springdale,holden
springdale,holyoke
springdale,westfield
springside,pittsfield
springville,topsfield
squannacook junction,groton
squantum,quincy
squawbetty,taunton
squnshopog,melrose
stafford's hill,cheshire
standish,marshfield
standish,pembroke
stanley,bridgewater
star mill village,middleborough
state farm,bridgewater
state line,monson
state reservation,westminster
state side,westport
steam valley,westminster
stearnsville,pittsfield
steep brook,fall river
sterling junction,sterling
stevens corner,richmond
stevens village,north andover
steven's village,dudley
stevensville,webster
stevensville,worthington
still river,bolton
still river,harvard
stone factory,canton
stone haven,dedham
stonehaven,rockport
stone’s crossing,auburn
stoneville,auburn
stoneville,wendell
stoney beach,plymouth
stony brook,norfolk
stony brook,weston
stony brook reservation,boston
stony hill,wilbraham
stormy hill,dedham
storrowton,west springfield
stoughton center,stoughton
stow center,stow
strawberry hill,cambridge
sturbridge village,sturbridge
suffolk downs,boston
sugar hill,chesterfield
sullivan square,boston
summit,worcester
summit grove,dartmouth
sunnyside,boston
sunnyside,brockton
sunnyside,worthington
sunset heights,oak bluffs
surfside,nantucket
swan's tavern,stoughton
swansea center,swansea
swansea village,swansea
sweeneyville,topsfield
swift's beach,wareham
sylvester corner,brockton
symme's corner,winchester
tack factory,middleborough
taconic,pittsfield
taggart,blandford
tainter hill,millbury
talbot,northborough
talbot corner,stoughton
tallawanda,worcester
tanner district,webster
tapleyville,danvers
tar hill,fitchburg
tarklin,duxbury
tatham,west springfield
tatnuck,worcester
taylor's bridge,chesterfield
teaticket,falmouth
tempest knob station,wareham
templeton center,templeton
ten pound island,gloucester
terry's,freetown
tewksbury center,tewksbury
tewksbury junction,tewksbury
tewksbury station,tewksbury
texas village,oxford
thatcher's corner,taunton
thatcher's island,rockport
the bars,pittsfield
the bleachery district,waltham
the bluffs,ipswich
the castle,truro
the chemistry district,waltham
the cobbles,cheshire
the cut,gloucester
the farms,quincy
the flat,southbridge
the flats,holyoke
the fort,gloucester
the glades,scituate
the green,middleborough
the island,waltham
the jungle,wellfleet
the kitchen,cheshire
the newlands,woburn
the point,brookline
the point,salem
the rocks,peabody
the union,north adams
theatre district,boston
thicket,abington
third cliff,scituate
thomas corner,weymouth
thomaston park,brockton
thomastown,middleborough
thompson corners,charlton
thompson’s island,boston
thompsonville,newton
thompsonville,woburn
thorndike,palmer
thornton,winthrop
three rivers,palmer
thunder,cheshire
tihonet,wareham
tillotson's,pittsfield
tilton's corner,haverhill
tinkertown,duxbury
tinkham town,mattapoisett
tonset,orleans
touisset,swansea
tower hill,brockton
tower hill,lawrence
tower hill,randolph
tower hill,wayland
town green,brookline
town hill,topsfield
town house,yarmouth
townsend harbor,townsend
townsend hill,townsend
trafton park,springfield
trap plain,greenfield
trapelo road district,waltham
traskville,fitchburg
tremont,wareham
trowbridgeville,worcester
truro center,truro
truro station,truro
tuckernuck island,nantucket
tufts village,dudley
tully,orange
tunnel road,north adams
turkey hill,arlington
turkey hill,belchertown
turkey hill,holbrook
turners falls,montague
turnpike,billerica
turnpike,salem
twin springs,saugus
two mile purchase,swansea
twopenny loaf,gloucester
tylerville,belchertown
tyson's corner,worcester
u.s. naval air station,hingham
uncatena island,gosnold
union hill,gloucester
union hill,worcester
union market,watertown
union square,boston
union square,gardner
union square,somerville
uniondale,holden
unionville,franklin
unionville,holden
unionville,wellesley
uphams corner,boston
upper barkerville,pittsfield
upper dedham,dedham
upper meadows,greenfield
upper plains,hingham
upper swampscott,swampscott
upton corner,north reading
uxbridge center,uxbridge
vallerville,plymouth
van deusenville,great barrington
vaughn’s hill,bolton
vekatimest island,gosnold
vernon hill,worcester
village hill,williamsburg
vinegar hill,saugus
vineyard grove,edgartown
vineyard highlands,oak bluffs
vose,groton
waban,newton
wachogue,springfield
wachusett,fitchburg
wachusett lake,westminster
wachusett park,westminster
wachusett station,fitchburg
wachusett village,westminster
wade's corner,taunton
wadsworth,franklin
waite's corner,fitchburg
wakeby,sandwich
wakefield center,wakefield
wakefield junction,wakefield
wakefield park,wakefield
walker,taunton
walker's creek,gloucester
wallace hill,townsend
walnut bottom,brockton
walnut corner,north reading
walnut hill,woburn
walnut hill,orange
walnut plains,middleborough
walnut square,haverhill
walnut tree hill,scituate
walpole center,walpole
walpole heights,walpole
walpole junction,walpole
waltham heights,waltham
wampum,wrentham
wampum,wrentham
wappanucket,middleborough
waquoit,falmouth
ward hill,haverhill
ward hill,phillipston
wardells' corner,westport
ware center,ware
wareham center,wareham
wares,plymouth
warrendale,waltham
warwick center,warwick
washington,belchertown
washington city,washington
washington park,everett
washington square,brookline
washington village,boston
water shops,springfield
waters bog,wareham
waterville,middleborough
waterville,winchendon
wattoquotoc,bolton
watuppa,fall river
wauwinet,nantucket
waverley,belmont
waverley oaks,waltham
waverly,watertown
waverly park,north andover
webster mills,webster
webster village,scituate
wedgemere,winchester
weir,taunton
weir junction,taunton
weir river,hingham
weir village,taunton
weir village,yarmouth
weld street station,new bedford
wellesley farms,wellesley
wellesley fells,wellesley
wellesley hills,wellesley
wellesley square,wellesley
wellingsley,plymouth
wellington hill,boston
wendell center,wendell
wendell depot,wendell
wenham,carver
wenham depot,wenham
wenham neck,wenham
wepecket island,gosnold
wesleyan grove,oak bluffs
wessaguset,weymouth
wessonville,westborough
west abington,abington
west acton,acton
west andover,andover
west auburn,auburn
west barnstable,barnstable
west barre,barre
west becket,becket
west bedford,bedford
west berlin,berlin
west billerica,billerica
west boxford,boxford
west cambridge,cambridge
west center,otis
west central,rehoboth
west chatham,chatham
west chesterfield,chesterfield
west chop,tisbury
west concord,concord
west corners,randolph
west crook,whitman
west cummington,cummington
west dedham,dedham
west deerfield,deerfield
west dennis,dennis
west dighton,dighton
west dudley,dudley
west duxbury,duxbury
west end,bolton
west end,boston
west end,lunenburg
west end,malden
west end,middleborough
west end,provincetown
west end,waltham
west everett,everett
west falmouth,falmouth
west farms,northampton
west farms,westfield
west fitchburg,fitchburg
west foxborough,foxborough
west gardner,gardner
west gloucester,gloucester
west graniteville,westford
west granville,granville
west groton,groton
west hanover,hanover
west harwich,harwich
west hatfield,hatfield
west hawley,hawley
west hill,belchertown
west hill,middlefield
west hingham,hingham
west holyoke,holyoke
west hyannisport,barnstable
west leominster,leominster
west leyden,leyden
west lynn,lynn
west mansfield,mansfield
west medford,medford
west medway,medway
west millbury,millbury
west mountain,cheshire
west newbury first parish,west newbury
west newbury second parish,west newbury
west newton,newton
west northfield,northfield
west orange,orange
west orleans,orleans
west otis,otis
west oxford,oxford
west parish,granby
west peabody,peabody
west pittsfield,pittsfield
west plymouth,plymouth
west quincy,quincy
west roxbury,boston
west royalston,royalston
west rutland,rutland
west scituate,norwell
west sherborn,sherborn
west side,plainville
west side,woburn
west somerville,somerville
west sterling,princeton
west stoughton,stoughton
west sudbury,sudbury
west tatnuck,worcester
west tewksbury,tewksbury
west townsend,townsend
west upton,upton
west uxbridge,uxbridge
west village,north reading
west walpole,walpole
west ware center,ware
west wareham,wareham
west warren,warren
west watertown,watertown
west wenham,wenham
west whately,whately
west worcester,worcester
west worthington,worthington
west wrentham,wrentham
west yarmouth,yarmouth
westdale,west bridgewater
westfield,westfield
westfield west parish,westfield
westford corner,westford
westlands,saugus
westminster depot,westminster
westover air base (usaf),chicopee
westport factory,dartmouth
westport factory station,westport
westport factory village,westport
westport harbor,westport
westport mills,dartmouth
westport point,westport
westside,west springfield
westville,southbridge
westville,spencer
westville,taunton
westwood hills,worcester
weymouth center,weymouth
weymouth heights,weymouth
weymouth landing,weymouth
whalom park,leominster
whalom park,lunenburg
wheeler,orange
wheeler park,brockton
wheeler's corner,taunton
wheeler’s hill,berlin
wheeler's point,gloucester
wheelersville,millbury
wheelockville,uxbridge
whidden's corner,westford
white city,shrewsbury
white hall,rutland
white horse beach,plymouth
white valley,barre
whiteville,mansfield
whitman line park,whitman
whitmanville,truro
whitmanville,westminster
whitney district,washington
whitney's,sherborn
whittenton,taunton
whittenton junction,taunton
wianno,barnstable
wigginville,lowell
wigwam hill,mendon
wilbur's crossing,somerset
wilbur's point,fairhaven
wilkinsonville,sutton
wilkinsville,hudson
williams hill,uxbridge
williamsville,hubbardston
willimansett,chicopee
willow bridge,somerville
willowdale,ipswich
willowdale,hamilton
wilmington center,wilmington
wilmington junction,wilmington
wilson's mountain,dedham
winchendon center,winchendon
winchendon springs,winchendon
winchester highlands,winchester
winchester park,brockton
windemere,oak bluffs
window on the marsh,gloucester
windsor bush,windsor
windsor hill,windsor
wingaersheek,gloucester
winneconnet,norton
winnetuxet,plympton
winniahdin,gloucester
winnikenni park,haverhill
winnmere,burlington
winslow,norwood
winter hill,holden
winter hill,somerville
winter island,salem
winter's corner,brockton
winterville,new bedford
winthrop beach,winthrop
winthrop center,winthrop
winthrop highlands,winthrop
wintucket,edgartown
woburn four corners,woburn
woburn highlands,woburn
wollaston,quincy
wollaston heights,quincy
wollaston station,quincy
wood end,provincetown
wood island station,boston
wood's hole,falmouth
woodbury,hamilton
woodend,lynn
woodland station,newton
woodlawn,everett
woodruff heights,clinton
woods hole,falmouth
woodside mills,northborough
woodville,hopkinton
woodville,leicester
woodward springs,taunton
world's end,hingham
woronoco,russell
worthington center,worthington
worthington corners,worthington
wyben,westfield
wyckoff park,holyoke
wyoma,lynn
wyoming,melrose
yarmouth farms,yarmouth
yarmouth village,yarmouth
yarmouthport,yarmouth
yellow town,wareham
york,canton
zylonite,adams
