abington,02351
accord,02018
accord,02043
acton,01718
acton,01719
acton,01720
acushnet,02743
acushnet,02745
adams,01220
aetna life & casualty co,02344
agawam,01001
alford,01230
alford,01266
allendale,01201
allmerica,01653
allston,02134
amesbury,01913
amherst,01002
amherst,01003
amherst,01004
amherst,01059
andover,01810
andover,01812
andover,01899
andover,05501
andover,05544
aquinnah,02535
arlington,02474
arlington,02475
arlington,02476
arlington heights,02475
ashburnham,01430
ashby,01431
ashfield,01330
ashland,01721
ashley falls,01222
assinippi,02339
assoc of marian helpers,01263
assonet,02702
athol,01331
athol,01368
attleboro,02703
attleboro falls,02763
auburn,01501
auburndale,02466
avon,02322
ayer,01432
ayer,01434
babson park,02457
baldwinville,01436
bank of america,01815
bank of america,02211
bank of america,02212
bank of america,02241
baptist corner,01370
bar coded i r s,01899
barnstable,02630
barnstable,02634
barre,01005
bass river,02664
bay state village,01062
bay state w tower,01115
baystate medical,01199
beachmont,02151
becket,01223
becket corners,01223
bedford,01730
bedford,01731
belchertown,01007
bellingham,02019
belmont,02478
belmont,02479
berkley,02779
berkshire,01224
berkshire heights,01230
berlin,01503
bernardston,01337
beverly,01915
beverly farms,01915
big pond,01029
billerica,01821
billerica,01822
billerica,01862
blackstone,01504
blandford,01008
blissville,01364
bolton,01740
bondsville,01009
boston,02108
boston,02109
boston,02110
boston,02111
boston,02112
boston,02113
boston,02114
boston,02115
boston,02116
boston,02117
boston,02118
boston,02119
boston,02120
boston,02121
boston,02122
boston,02123
boston,02124
boston,02125
boston,02126
boston,02127
boston,02128
boston,02129
boston,02130
boston,02131
boston,02132
boston,02133
boston,02134
boston,02135
boston,02136
boston,02137
boston,02163
boston,02196
boston,02199
boston,02201
boston,02203
boston,02204
boston,02205
boston,02206
boston,02210
boston,02211
boston,02212
boston,02215
boston,02217
boston,02222
boston,02228
boston,02241
boston,02266
boston,02283
boston,02284
boston,02293
boston,02295
boston,02297
boston,02298
boston city hall,02201
boston clg,02467
boston college,02467
boston financial data servic,02266
boston university,02215
bourne,02532
bourne,02559
boxboro,01719
boxborough,01719
boxford,01921
boylston,01505
bradford,01835
braintree,02184
braintree,02185
braintree highlands,02184
braintree hld,02184
braintree phantom,02185
brant rock,02020
brewster,02631
bridgewater,02324
bridgewater,02325
bridgewater state college,02325
brighton,02135
brightwood,01107
brimfield,01010
brockton,02301
brockton,02302
brockton,02303
brockton,02304
brockton,02305
brookfield,01506
brookline,02445
brookline,02446
brookline,02447
brookline,02467
brookline village,02447
bryantville,02327
buckland,01338
burlington,01803
burlington,01805
buzzards bay,02532
buzzards bay,02542
byfield,01922
cambridge,02138
cambridge,02139
cambridge,02140
cambridge,02141
cambridge,02142
cambridge,02163
cambridge,02238
cambridgeport,02139
canton,02021
carlisle,01741
carver,02330
carver,02355
carver,02366
cash management,02297
cataumet,02534
cedarville,02360
centerville,02632
centerville,02634
centerville,02636
central mass p & d center,01546
chadwicks,02783
chappaquiddick island,02539
charlemont,01339
charlemont,01343
charlemont,01346
charlestown,02129
charlton,01507
charlton city,01508
charlton depot,01509
charlton dept,01509
charlton dpt,01509
chartley,02712
chatham,02633
chelmsford,01824
chelsea,02150
cherry brook,02493
cherry valley,01611
cheshire,01225
chester,01011
chesterfield,01012
chestnut hill,02467
chicopee,01013
chicopee,01014
chicopee,01020
chicopee,01021
chicopee,01022
chilmark,02535
chilmark,02552
clarksburg,01247
clinton,01510
cochituate,01778
cohasset,02025
cold spring,01253
colrain,01340
concord,01742
conway,01341
cotuit,02635
crescent mills,01050
cummaquid,02637
cummington,01026
cushman,01002
cuttyhunk,02713
dalton,01226
dalton,01227
danvers,01923
dartmouth,02714
dartmouth,02747
dartmouth,02748
dedham,02026
dedham,02027
deerfield,01342
dennis,02638
dennis port,02639
dennisport,02639
devens,01432
devens,01434
dighton,02715
dorchester,02121
dorchester,02122
dorchester,02124
dorchester,02125
dorchester center,02124
dorchestr center,02124
douglas,01516
dover,02030
dracut,01826
drury,01343
dudley,01571
dudley hill,01570
dunstable,01827
duxbury,02331
duxbury,02332
ea falmouth,02536
eagleville,01364
east arlington,02474
east blackstone,01504
east boston,02128
east boston,02228
east braintree,02184
east bridgewater,02333
east bridgewater,02337
east bridgewtr,02333
east brimfield,01010
east brookfield,01515
east cambridge,02141
east carver,02355
east charlemont,01370
east deerfield,01342
east dennis,02641
east douglas,01516
east falmouth,02536
east freetown,02717
east hampton,01027
east harwich,02645
east leverett,01054
east longmeadow,01028
east longmeadow,01116
east lynn,01904
east mansfield,02031
east millbury,01527
east milton,02186
east orleans,02643
east otis,01029
east pembroke,02359
east pepperell,01463
east princeton,01517
east sandwich,02537
east somerville,02143
east taunton,02718
east templeton,01438
east walpole,02032
east wareham,02538
east watertown,02472
east weymouth,02189
east windsor,01270
eastham,02642
easthampton,01027
easton,02334
easton,02356
easton,02357
easton,02375
edgartown,02539
edgemere,01545
egremont,01230
elmwood,02337
emc,01580
erving,01344
essex,01929
everett,02149
fairhaven,02719
fall river,02720
fall river,02721
fall river,02722
fall river,02723
fall river,02724
fall river,02725
fall river,02726
falmouth,02540
falmouth,02541
falmouth,02543
farley,01344
fayville,01745
feeding hills,01030
fidelity service company,02293
field premium inc,02477
fiskdale,01518
fiskdale,01521
fitchburg,01420
fleet bank boston,02241
florence,01062
florida,01247
forestdale,02644
forge village,01886
fort devens,01432
foxboro,02035
foxborough,02035
framingham,01701
framingham,01702
framingham,01703
framingham,01704
framingham,01705
framingham center,01701
framingham so,01701
franklin,02038
freetown,02702
gardner,01440
gardner,01441
gay head,02535
general elec co,01910
general mail facility-bmc,01152
georgetown,01833
gilbertville,01031
gill,01354
glendale,01229
globe village,01550
gloucester,01930
gloucester,01931
goshen,01032
gosnold,02713
grafton,01519
granby,01033
granville,01034
granville center,01034
great barrington,01230
green harbor,02041
greenbush,02040
greendale,01606
greenfield,01301
greenfield,01302
groton,01450
groton,01470
groton,01471
grove hall,02121
groveland,01834
gt barrington,01230
hadley,01035
halifax,02338
halland,01521
halyoke,01040
halyoke,01041
hamilton,01936
hamilton,01982
hampden,01036
hampton,01036
hancock,01237
hanover,02339
hanover,02340
hanscom afb,01731
hanson,02341
hanson,02350
hardwich,02645
hardwick,01037
hartsville,01230
harvard,01451
harvard sq,02238
harvard square,02238
harwich,02645
harwich port,02646
harwichport,02646
hassanamisco indian reservat,01519
hastings,02493
hatchville,02536
hatfield,01038
hathorne,01937
haverhill,01830
haverhill,01831
haverhill,01832
haverhill,01833
haverhill,01835
hawley,01339
haydenville,01039
heath,01346
hingham,02018
hingham,02043
hingham,02044
hinsdale,01235
hntgtn,01050
holbrook,02343
holden,01520
holland,01521
holliston,01746
holyoke,01040
holyoke,01041
hoosac tunnel,01367
hopedale,01747
hopkinton,01748
horseneck beach,02790
houghs neck,02169
housatonic,01236
hubbardston,01452
hudson,01749
hull,02045
humarock,02047
huntington,01050
hyannis,02601
hyannis port,02647
hyde park,02126
hyde park,02136
hyde park,02137
indian orch,01151
indian orchard,01151
inman square,02139
interlaken,01266
internal revenue service,01812
ipswich,01938
irs service center,05501
irs service center,05544
islington,02090
jamaica plain,02130
jefferson,01522
john hancock mutual ins,02295
john hancock p o box 505,02217
kates corner,01824
kendal green,02493
kendall square,02142
kenmore,02215
kingston,02364
knightville,01050
lahey clinic med center,01805
lake mattawa,01364
lake pleasant,01347
lakeville,02347
lakeville,02348
lakeville phantom,02348
lambs grove,01562
lancaster,01523
lanesboro,01224
lanesboro,01237
lanesborough,01237
lawrence,01840
lawrence,01841
lawrence,01842
lawrence,01843
lee,01238
lee,01264
leeds,01053
leicester,01524
lenox,01240
lenox dale,01242
leominster,01453
leverett,01054
lexington,02420
lexington,02421
leyden,01301
leyden,01337
lincoln,01773
lincoln center,01773
linwood,01525
lithia,01032
littleton,01460
longmeadow,01106
longmeadow,01116
loudville,01027
lowell,01850
lowell,01851
lowell,01852
lowell,01853
lowell,01854
ludlow,01056
lunenburg,01462
lynn,01901
lynn,01902
lynn,01903
lynn,01904
lynn,01905
lynn,01910
lynnfield,01940
magnolia,01930
malden,02148
manchaug,01526
manchester,01944
manchester by the sea,01944
manomet,02345
mansfield,02031
mansfield,02048
marblehead,01945
marian helpers,01263
marina bay,02171
marion,02738
marion fathers,01263
marlboro,01752
marlborough,01752
marshfield,02020
marshfield,02041
marshfield,02047
marshfield,02050
marshfield,02051
marshfield,02059
marshfield,02065
marshfield hills,02051
marshfld hls,02051
marstons mills,02648
marstons mls,02648
mashpee,02649
mass mutual life ins co,01111
mass tax,02204
massachusetts district,01889
massachusetts tax,02204
mattapan,02126
mattapoisett,02739
maynard,01754
medfield,02052
medford,02153
medford,02155
medford,02156
medway,02053
mellon financial services,01813
melrose,02176
mendon,01756
menemsha,02552
merrimac,01860
methuen,01844
mhead,01945
middleboro,02344
middleboro,02346
middleboro,02347
middleboro,02348
middleboro,02349
middleborough,02344
middleborough,02346
middleborough,02348
middleborough,02349
middlefield,01243
middleton,01949
milford,01757
mill river,01244
millbury,01527
millbury,01586
millers falls,01349
millerville,01504
millis,02054
millville,01529
milton,02186
milton village,02187
minot,02055
mission hill,02120
monponsett,02350
monroe,01350
monroe bridge,01350
monson,01057
montague,01351
monterey,01245
montgomery,01050
montgomery,01085
monument bch,02553
monument beach,02553
morningdale,01505
mount hermon,01354
mount tom,01027
mount washington,01258
nabnasset,01886
nahant,01908
nantasket beach,02045
nantucket,02554
nantucket,02564
nantucket,02584
natick,01760
national grid,01807
national grid co,01582
needham,02492
needham,02494
needham heights,02494
needham hgts,02494
needham jct,02492
new ashford,01237
new bedford,02740
new bedford,02741
new bedford,02742
new bedford,02743
new bedford,02744
new bedford,02745
new bedford,02746
new braintree,01531
new england business,01470
new england business svc inc,01471
new marlboro,01230
new marlborou,01230
new marlborough,01230
new salem,01355
new salem,01364
new seabury,02649
new town,02456
newbury,01922
newbury,01951
newburyport,01950
newburyport,01951
newton,02456
newton,02458
newton,02459
newton,02460
newton,02461
newton,02462
newton,02464
newton,02465
newton,02466
newton,02467
newton,02468
newton,02495
newton center,02459
newton centre,02459
newton cntr,02459
newton highlands,02461
newton hlds,02461
newton l f,02462
newton lower falls,02462
newton u f,02464
newton upper falls,02464
newtonville,02458
newtonville,02460
newtonville,02462
no adams,01247
no attleboro,02760
no easton,02356
no egremont,01252
no field,01360
no grafton,01536
no hatfield,01066
no natick,01760
no quincy,02171
nonantum,02495
nonquitt,02748
norfolk,02056
norfolk downs,02171
north adams,01247
north amherst,01059
north andover,01845
north attleboro,02760
north attleboro,02761
north attleboro,02762
north attleboro,02763
north billerica,01862
north brookfield,01535
north cambridge,02140
north carver,02355
north chatham,02650
north chelmsford,01863
north chester,01050
north dartmouth,02747
north dighton,02764
north eastham,02651
north easton,02356
north easton,02357
north egremont,01230
north egremont,01252
north falmouth,02556
north falmouth,02565
north field,01360
north grafton,01536
north hadley,01035
north hampton,01060
north hampton,01061
north hampton,01062
north hampton,01063
north hatfield,01066
north lancaster,01523
north leverett,01054
north marshfield,02059
north natick,01760
north orange,01364
north otis,01253
north oxford,01537
north pembroke,02358
north quincy,02171
north reading,01864
north reading,01889
north scituate,02060
north sudbury,01776
north tisbury,02568
north truro,02652
north uxbridge,01538
north waltham,02451
north waltham,02452
north waltham,02455
north weymouth,02191
northampton,01060
northampton,01061
northampton,01062
northampton,01063
northboro,01532
northborough,01532
northbridge,01534
northfield,01360
northfield mount hermon,01354
northfield mt hermon,01354
norton,02712
norton,02766
norwell,02018
norwell,02061
norwood,02062
nutting lake,01865
nuttings lake,01865
oak bluffs,02557
oakdale,01583
oakham,01068
ocean bluff,02065
ocean spray,02349
old furnace,01031
onset,02558
orange,01355
orange,01364
orange,01378
orleans,02653
osterville,02655
otis,01253
otis a f b,02542
otis air national guard,02542
otis ang,02542
otis angb,02542
otter river,01436
oxford,01540
padanaram the packet,02748
palmer,01069
paxton,01612
peabody,01960
peabody,01961
pelham,01002
pembroke,02327
pembroke,02358
pembroke,02359
pepperell,01463
peru,01235
petersham,01366
phillipston,01331
pigeon cove,01966
pinehurst,01866
pingryville,01460
pittsfield,01201
pittsfield,01202
pittsfield,01203
plainfield,01070
plainville,02762
plum island,01950
plum island,01951
plymouth,02345
plymouth,02360
plymouth,02361
plymouth,02362
plymouth,02381
plympton,02367
pocasset,02559
porter square,02140
prides crossing,01965
prides crssng,01965
princeton,01541
provincetown,02657
quincy,02169
quincy,02170
quincy,02171
quincy,02269
quincy center,02169
randolph,02368
raynham,02767
raynham,02768
raynham center,02768
reading,01867
readville,02136
readville,02137
rehoboth,02769
revere,02151
revere beach,02151
richardson corners,01508
richmond,01254
risingdale,01230
riverside,02458
rochdale,01542
rochester,02770
rockdale,01534
rockland,02370
rockport,01966
rocky nook,02364
roslindale,02131
rowe,01367
rowley,01969
roxbury,02118
roxbury,02119
roxbury,02120
roxbury crossing,02120
royalston,01331
royalston,01368
russell,01071
rutland,01543
sagamore,02561
sagamore bch,02562
sagamore beach,02562
salem,01970
salem,01971
salisbury,01952
salisbury bch,01952
salisbury beach,01952
sandersdale,01550
sandisfield,01255
sandwich,02563
sandwich,02644
saugus,01906
saundersville,01560
savoy,01256
saxonville,01701
scituate,02040
scituate,02055
scituate,02060
scituate,02066
scituate center,02066
scituate harbor,02066
sconset,02564
seekonk,02771
shared firm zip code,02044
sharon,02067
shattuckville,01340
sheffield,01257
shelburne,01370
shelburne falls,01370
sheldonville,02070
sherborn,01770
sherwood forest,01223
shirley,01464
shirley center,01464
shrewsbury,01545
shrewsbury,01546
shutesbury,01072
siasconset,02564
silver beach,02565
silver hill,02493
silver lake,02364
simons rock,01230
smith college,01063
so deerfield,01373
so easton,02375
so egremont,01258
so hadley,01075
so lancaster,01561
so natick,01760
so yarmouth,02664
soldiers field,02163
somerset,02725
somerset,02726
somerville,02143
somerville,02144
somerville,02145
south amherst,01002
south ashburnham,01430
south ashfield,01330
south attleboro,02703
south barre,01074
south boston,02127
south carver,02366
south chatham,02659
south chelmsford,01824
south chesterfield,01096
south dartmouth,02748
south deerfield,01373
south dennis,02660
south easton,02375
south egremont,01258
south grafton,01560
south hadley,01075
south hadley falls,01075
south hamilton,01982
south harwich,02661
south lancaster,01561
south lawrence,01843
south lee,01260
south lynnfield,01940
south mashpee,02649
south natick,01760
south orleans,02662
south quincy,02169
south royalston,01368
south sandisfield,01255
south walpole,02071
south waltham,02453
south wellfleet,02663
south weymouth,02190
south worthington,01050
south yarmouth,02664
south yarmouth,02673
southampton,01073
southboro,01745
southboro,01772
southborough,01745
southborough,01772
southbridge,01550
southfield,01259
southwick,01077
spencer,01562
spfld,01101
spfld,01102
spfld,01103
spfld,01104
spfld,01105
spfld,01107
spfld,01108
spfld,01109
spfld,01118
spfld,01119
spfld,01128
spfld,01129
spfld,01138
spfld,01139
spfld,01151
spfld,01199
spfld (long),01106
springfield,01101
springfield,01102
springfield,01103
springfield,01104
springfield,01105
springfield,01106
springfield,01107
springfield,01108
springfield,01109
springfield,01111
springfield,01115
springfield,01118
springfield,01119
springfield,01128
springfield,01129
springfield,01138
springfield,01139
springfield,01144
springfield,01151
springfield,01152
springfield,01199
squantum,02171
state street corporation,02206
sterling,01564
sterling junction,01564
still river,01467
stockbridge,01262
stockbridge,01263
stoneham,02180
stonehill col,02357
stonehill coll,02357
stonehill college,02357
stoneville,01344
stony brook,02493
stoughton,02072
stow,01775
sturbridge,01518
sturbridge,01566
sudbury,01776
sunderland,01375
sutton,01590
swampscott,01907
swansea,02777
talbots,02348
taunton,02718
taunton,02780
taunton,02783
teaticket,02536
templeton,01468
tewksbury,01876
thorndike,01079
three rivers,01080
tisbury,02568
tisbury,02573
tisbury,02575
tolland,01034
topsfield,01983
townsend,01469
townsend,01474
truro,02666
tufts university,02153
turners falls,01349
turners falls,01376
tyco,01441
tyngsboro,01879
tyngsborough,01879
tyringham,01264
uphams corner,02125
upton,01568
uxbridge,01569
van deusenville,01230
verizon,01654
village of nagog woods,01718
vineyard haven,02568
vineyard haven,02573
vineyard hvn,02568
vineyard hvn,02573
vlg nagog wds,01718
vlg of nagog woods,01718
waban,02468
wakefield,01880
wales,01081
walpole,02032
walpole,02071
walpole,02081
waltham,02451
waltham,02452
waltham,02453
waltham,02454
waltham,02455
waquoit,02536
ward hill,01835
ware,01082
wareham,02571
warren,01083
warwick,01364
warwick,01378
washington,01223
watertown,02471
watertown,02472
watertown,02477
watertown financial,02471
waverley,02479
wayland,01778
wearguard,02340
webster,01570
webster square,01603
wellesley,02457
wellesley,02481
wellesley,02482
wellesley fms,02481
wellesley hills,02481
wellesley hls,02481
wellfleet,02667
wendell,01379
wendell depot,01380
wenham,01984
west acton,01720
west barnstable,02668
west barnstble,02668
west becket,01238
west boxford,01885
west boylston,01583
west bridgewater,02379
west brookfield,01585
west chatham,02669
west chesterfield,01084
west chesterfld,01084
west chop,02573
west concord,01742
west cummington,01026
west deerfield,01342
west dennis,02670
west falmouth,02574
west granville,01034
west groton,01472
west hanover,02339
west harwich,02671
west hatfield,01038
west hatfield,01088
west hawley,01339
west hyannisport,02672
west hyannisprt,02672
west lynn,01905
west medford,02155
west medford,02156
west millbury,01586
west newbury,01985
west newton,02465
west otis,01245
west peabody,01960
west quincy,02169
west roxbury,02132
west side,01602
west somerville,02144
west springfield,01089
west springfield,01090
west springfld,01089
west stockbridge,01266
west stockbridge center,01266
west tisbury,02568
west tisbury,02575
west townsend,01474
west upton,01568
west wareham,02576
west warren,01092
west whately,01039
west yarmouth,02673
westboro,01580
westboro,01581
westboro,01582
westborough,01580
westborough,01581
westborough,01582
westboylston,01583
westbrookfield,01585
westfield,01085
westfield,01086
westford,01886
westhampton,01027
westminster,01441
westminster,01473
weston,02493
westover afb,01022
westport,02790
westport point,02791
westwood,02090
weymouth,02188
weymouth,02189
weymouth,02190
weymouth,02191
weymouth lndg,02188
weymouth nas,02190
whately,01093
whately,01373
wheelwright,01094
white horse beach,02381
whitinsville,01588
whitman,02382
wht horse bch,02381
wilbraham,01095
wilkinsonvile,01590
wilkinsonville,01590
williamsburg,01096
williamstn,01267
williamstown,01267
willimansett,01013
wilmington,01887
winchdon springs,01477
winchendon,01475
winchendon springs,01477
winchester,01890
windsor,01270
winter hill,02145
winthrop,02152
wmstown,01267
woburn,01801
woburn,01807
woburn,01813
woburn,01815
woburn,01888
wollaston,02170
woods hole,02543
woodshole,02543
woodville,01784
worcester,01601
worcester,01602
worcester,01603
worcester,01604
worcester,01605
worcester,01606
worcester,01607
worcester,01608
worcester,01609
worcester,01610
worcester,01612
worcester,01613
worcester,01614
worcester,01615
worcester,01653
worcester,01654
worcester,01655
woronoco,01097
worthington,01098
wrentham,02070
wrentham,02093
yarmouth,02664
yarmouth,02673
yarmouth,02675
yarmouth port,02675
yarmouthport,02675
zoar,01367
