agawam,wareham
arlington heights,arlington
ashley falls,sheffield
bellingham,chelsea
belmont,malden
beverly farms,beverly
bondsville,palmer
brighton,boston
brookline village,brookline
buzzards bay,bourne
centerville,barnstable
centerville,douglas
centerville,grafton
charlestown,boston
cherry valley,leicester
cherry valley,ludlow
cotuit,barnstable
cummaquid,barnstable
dennisport,dennis
dorchester,boston
drury,florida
east arlington,arlington
east boston,boston
east brimfield,brimfield
east cambridge,cambridge
east dennis,dennis
east douglas,douglas
east freetown,freetown
east orleans,orleans
east otis,otis
east princeton,princeton
east sandwich,sandwich
east templeton,templeton
east wareham,wareham
elmwood,dedham
elmwood,east bridgewater
elmwood,holyoke
essex,boston
fort devens,ayer, shirley and harvard
franklin,belchertown
glendale,easthampton
glendale,everett
glendale,middlefield
glendale,southampton
glendale,stockbridge
glendale,wilbraham
grove hall,boston
harvard square,cambridge
harwichport,harwich
hathorne,danvers
holyoke,belchertown
housatonic,great barrington
hyannis,barnstable
hyannis port,barnstable
inman square,cambridge
jamaica plain,boston
kendall square,cambridge
lake pleasant,montague
leeds,northampton
lenox dale,lenox
lincoln center,lincoln
linwood,lynn
linwood,northbridge
linwood,uxbridge
lithia,goshen
magnolia,gloucester
marlborough,georgetown
mattapan,boston
mattapan,milton
middleton,yarmouth
mill river,deerfield
mill river,new marlborough
millerville,blackstone
millville,blackstone
monponsett,hanson
monroe bridge,monroe
monument beach,bourne
morningdale,boylston
nantasket beach,hull
newton,worcester
newton upper falls,newton
newtonville,newton
north amherst,amherst
north billerica,billerica
north carver,carver
north chatham,chatham
north chelmsford,chelmsford
north dartmouth,dartmouth
north dighton,dighton
north eastham,eastham
north easton,easton
north egremont,egremont
north falmouth,falmouth
north grafton,grafton
north hadley,hadley
north hatfield,hatfield
north leverett,leverett
north marshfield,marshfield
north oxford,oxford
north truro,truro
north uxbridge,uxbridge
ocean bluff,marshfield
old furnace,hardwick
onset,wareham
osterville,barnstable
otter river,templeton
oxford,fairhaven
pinehurst,billerica
plainfield,nantucket
plainville,hadley
plainville,new bedford
plum island,ipswich
plum island,newburyport
pocasset,bourne
porter square,cambridge
raynham center,raynham
readville,boston
revere beach,revere
richmond,taunton
riverside,cambridge
riverside,gill
riverside,hatfield
riverside,haverhill
riverside,newton
riverside,weston
riverside,williamstown
riverside,worthington
rochdale,leicester
rockdale,northbridge
rockdale,new bedford
rockdale,west stockbridge
roslindale,boston
roxbury,boston
roxbury crossing,boston
sagamore,bourne
sagamore beach,bourne
salisbury beach,salisbury
saxonville,framingham
scituate harbor,scituate
seekonk,great barrington
shattuckville,colrain
shelburne falls,buckland
shelburne falls,shelburne
shirley center,shirley
siasconset,nantucket
silver beach,falmouth
silver lake,kingston
silver lake,plympton
silver lake,wilmington
soldiers field,boston
south amherst,amherst
south ashburnham,ashburnham
south ashfield,ashfield
south attleboro,attleboro
south barre,barre
south boston,boston
south carver,carver
south chatham,chatham
south chelmsford,chelmsford
south dartmouth,dartmouth
south dennis,dennis
south egremont,egremont
south grafton,grafton
south hadley falls,south hadley
south hamilton,hamilton
south harwich,harwich
south lancaster,lancaster
south lawrence,lawrence
south lee,lee
south lynnfield,lynnfield
south mashpee,mashpee
south natick,natick
south orleans,orleans
south royalston,royalston
south sandisfield,sandisfield
south wellfleet,wellfleet
south worthington,worthington
southfield,new marlborough
squantum,quincy
sterling junction,sterling
still river,bolton
still river,harvard
stoneville,auburn
stoneville,wendell
thorndike,palmer
three rivers,palmer
turners falls,montague
uphams corner,boston
van deusenville,great barrington
waban,newton
waquoit,falmouth
ward hill,haverhill
ward hill,phillipston
washington,belchertown
waverley,belmont
wendell depot,wendell
wenham,carver
west acton,acton
west becket,becket
west boxford,boxford
west chatham,chatham
west chop,tisbury
west concord,concord
west cummington,cummington
west deerfield,deerfield
west dennis,dennis
west falmouth,falmouth
west granville,granville
west groton,groton
west hanover,hanover
west harwich,harwich
west hatfield,hatfield
west hawley,hawley
west lynn,lynn
west medford,medford
west millbury,millbury
west newton,newton
west otis,otis
west peabody,peabody
west quincy,quincy
west roxbury,boston
west somerville,somerville
west townsend,townsend
west upton,upton
west wareham,wareham
west warren,warren
west whately,whately
westfield,westfield
westport point,westport
wilkinsonville,sutton
willimansett,chicopee
winchendon springs,winchendon
winter hill,holden
winter hill,somerville
wollaston,quincy
woodville,hopkinton
woodville,leicester
woronoco,russell
yarmouthport,yarmouth
